reactor_block_loc,sequence
A1,AAAFFF
A2,GGIVVV
A3,DDDSWW
A4,CDHHHP
A5,DDDRRR
A6,EEESSS
A7,NPPPWW
A8,EEEEGS
A9,KKPPRW
A10,CCCPPP
A11,EEEWWW
A12,DDDDIL
B1,CCCLLL
B2,FFFFWW
B3,LLLLQW
B4,HKLLLP
B5,EEMMMN
B6,GGRWWW
B7,GLSSSS
B8,GGMMMM
B9,DDGPPP
B10,FKKKRR
B11,HHHSSS
B12,SSVVVV
C1,RRWWWW
C2,CCCDHM
C3,MMMMSS
C4,AAGGGS
C5,HMMMPP
C6,DGGGGR
C7,AAAASS
C8,CCCKRR
C9,HHHIIW
C10,FFKKKW
C11,ELLPQS
C12,EFFFFS
D1,EEEGGM
D2,HIIINN
D3,KPPRSS
D4,CCCWWW
D5,AFGPPS
D6,CGGSWW
D7,INNNRR
D8,ESSYYY
D9,CGNNSS
D10,KKTTTT
D11,AGTTTT
D12,CCCCFW
E1,NNPYYY
E2,DDDHHS
E3,ADLLLV
E4,LLLWWW
E5,CCCDDG
E6,GGRRSS
E7,AAACCM
E8,GGRRRR
E9,PPPSSW
E10,IIIRRW
E11,EEENPP
E12,DKKKMM
F1,HHSWWW
F2,GGGHHN
F3,HRRSVV
F4,FFFLPP
F5,FKKMMM
F6,CEEMSS
F7,CCFGGS
F8,AAAPPV
F9,MMRVVV
F10,RSSSSW
F11,HHHMMS
F12,KKKKSS
G1,GKKMMP
G2,ADDLWW
G3,IREMAA
G4,IIMMMW
G5,HHPPPV
G6,AANNNN
G7,GGNNRR
G8,AAARRR
G9,CCENNQ
G10,DDDGNS
G11,DDKKKP
G12,GGIIPW
H1,CDDMPP
H2,EEHHHK
H3,EEFFLR
H4,GGHHHK
H5,VVVVVK
H6,VVVVKK
H7,AAAAAD
H8,AAAAAAD
H9,AAAAAK
H10,VVVVVVK
H11,LLLLLK
H12,HHVVVV